"0","twain <- gutenberg_download(c(245,86,3176,1837,3186), meta_fields = ""title"")"
"0","tidy_twain <- twain %>%"
"0","  unnest_tokens(word, text) %>%"
"0","  anti_join(stop_words)"
"0","tidy_twain %>% group_by(title) %>%"
"0","  count(word, sort = TRUE) %>%"
"0","  top_n(10) %>%"
"0","  ggplot(aes(reorder(word,n), n, fill = title)) +"
"0","  geom_col() +"
"0","  coord_flip() +"
"0","  facet_wrap(~title, scales = ""free_y"") +"
"0","  labs(x = NULL) +"
"0","  guides(fill = FALSE) +"
"0","  scale_fill_brewer(palette = ""Set1"")"
