"0","cat(""\f"")"
"1",""
"0","rm(list=ls())"
"0","library(gutenbergr)"
"0","library(dplyr)"
"0","library(ggplot2)"
"0","library(tidyr)"
"0","library(tidytext)"
"0","library(scales)"
"0","library(stringr)"
"0","library(igraph)"
"0","library(ggraph)"
"0","library(widyr)"
"0","fitzgerald <- gutenberg_download(c(805,9830,6695,4368), meta_fields = ""title"")"
"0","twain <- gutenberg_download(c(245,86,3176,1837,3186), meta_fields = ""title"")"
"0","tidy_fitzgerald <- fitzgerald %>%"
"0","  group_by(title) %>%"
"0","  mutate(linenumber = row_number(),"
"0","         chapter = cumsum(str_detect(text, "
"0","                                     regex(""^chapter [\\divxlc]"", ignore_case = TRUE)))) %>%"
"0","  ungroup() %>%"
"0","  unnest_tokens(word, text)"
"0","tidy_twain <- twain %>%"
"0","  group_by(title) %>%"
"0","  mutate(linenumber = row_number(),"
"0","         chapter = cumsum(str_detect(text, "
"0","                                     regex(""^chapter [\\divxlc]"", ignore_case = TRUE)))) %>%"
"0","  ungroup() %>%"
"0","  unnest_tokens(word, text)"
