"0","frequency <- bind_rows(mutate(tidy_fitzgerald, author = ""Scott Fitzgerald""),"
"0","                       mutate(tidy_twain, author = ""Mark Twain""), "
"0","                       mutate(tidy_books, author = ""Collection"")) %>% "
"0","  mutate(word = str_extract(word, ""[a-z']+"")) %>%"
"0","  count(author, word) %>%"
"0","  group_by(author) %>%"
"0","  mutate(proportion = n / sum(n)) %>% "
"0","  select(-n) %>% "
"0","  spread(author, proportion) %>% "
"0","  gather(author, proportion, `Scott Fitzgerald`:`Mark Twain`)"
"0","ggplot(frequency, aes(x = proportion, y = `Collection`, color = abs(`Collection` - proportion))) +"
"0","  geom_abline(color = ""gray40"", lty = 2) +"
"0","  geom_jitter(alpha = 0.1, size = 2.5, width = 0.3, height = 0.3) +"
"0","  geom_text(aes(label = word), check_overlap = TRUE, vjust = 1.5) +"
"0","  scale_x_log10(labels = percent_format()) +"
"0","  scale_y_log10(labels = percent_format()) +"
"0","  scale_color_gradient(limits = c(0, 0.001), low = ""darkslategray4"", high = ""gray75"") +"
"0","  facet_wrap(~author, ncol = 2) +"
"0","  theme(legend.position=""none"") +"
"0","  labs(y = ""Collection - Both"", x = NULL)"
