"0","fitzgerald <- gutenberg_download(c(805,9830,6695,4368), meta_fields = ""title"")"
"0","tidy_fitzgerald <- fitzgerald %>%"
"0","  unnest_tokens(word, text) %>%"
"0","  anti_join(stop_words)"
"0","tidy_fitzgerald %>% group_by(title) %>%"
"0","  count(word, sort = TRUE) %>%"
"0","  top_n(10) %>%"
"0","  ggplot(aes(reorder(word,n), n, fill = title)) +"
"0","  geom_col() +"
"0","  coord_flip() +"
"0","  facet_wrap(~title, scales = ""free_y"") +"
"0","  labs(x = NULL) +"
"0","  guides(fill = FALSE) +"
"0","  scale_fill_brewer(palette = ""Set1"")"
