"0","frequency <- bind_rows(mutate(tidy_fitzgerald, author = ""Scott Fitzgerald""),"
"0","                       mutate(tidy_twain, author = ""Mark Twain""), "
"0","                       mutate(tidy_books, author = ""Collection"")) %>% "
"0","  mutate(word = str_extract(word, ""[a-z']+"")) %>%"
"0","  count(author, word) %>%"
"0","  group_by(author) %>%"
"0","  mutate(proportion = n / sum(n)) %>% "
"0","  select(-n) %>% "
"0","  spread(author, proportion) %>% "
"0","  gather(author, proportion, `Scott Fitzgerald`:`Mark Twain`)"
"2","Error in mutate_impl(.data, dots) : 
  Evaluation error: could not find function ""str_extract"".
"
