<?xml version="1.0" encoding="utf-8" standalone="yes" ?>
<rss version="2.0" xmlns:atom="http://www.w3.org/2005/Atom">
  <channel>
    <title>A Hugo website</title>
    <link>/</link>
    <description>Recent content on A Hugo website</description>
    <generator>Hugo -- gohugo.io</generator>
    <language>en-us</language>
    <lastBuildDate>Wed, 04 Apr 2018 00:00:00 +0000</lastBuildDate>
    
	<atom:link href="/index.xml" rel="self" type="application/rss+xml" />
    
    
    <item>
      <title>Text Mining - Tidy - Simple analysis on Mark Twain and S. Fitzgerald - Part 3</title>
      <link>/2018/04/04/text-mining-tidy-simple-analysis-on-mark-twain-and-s-fitzgerald-part-3/</link>
      <pubDate>Wed, 04 Apr 2018 00:00:00 +0000</pubDate>
      
      <guid>/2018/04/04/text-mining-tidy-simple-analysis-on-mark-twain-and-s-fitzgerald-part-3/</guid>
      <description>Introductory Analysis
cat(&amp;quot;\f&amp;quot;) rm(list=ls()) library(gutenbergr) library(dplyr) library(ggplot2) library(tidyr) library(tidytext) library(scales) library(stringr) library(igraph) library(ggraph) library(widyr) library(MASS) fitzgerald &amp;lt;- gutenberg_download(c(805,9830,6695,4368), meta_fields = &amp;quot;title&amp;quot;) tidy_fitzgerald &amp;lt;- fitzgerald %&amp;gt;% unnest_tokens(word, text) %&amp;gt;% anti_join(stop_words) tidy_fitzgerald %&amp;gt;% group_by(title) %&amp;gt;% count(word, sort = TRUE) %&amp;gt;% top_n(10) %&amp;gt;% ggplot(aes(reorder(word,n), n, fill = title)) + geom_col() + coord_flip() + facet_wrap(~title, scales = &amp;quot;free_y&amp;quot;) + labs(x = NULL) + guides(fill = FALSE) + scale_fill_brewer(palette = &amp;quot;Set1&amp;quot;) twain &amp;lt;- gutenberg_download(c(245,86,3176,1837,3186), meta_fields = &amp;quot;title&amp;quot;) tidy_twain &amp;lt;- twain %&amp;gt;% unnest_tokens(word, text) %&amp;gt;% anti_join(stop_words) tidy_twain %&amp;gt;% group_by(title) %&amp;gt;% count(word, sort = TRUE) %&amp;gt;% top_n(10) %&amp;gt;% ggplot(aes(reorder(word,n), n, fill = title)) + geom_col() + coord_flip() + facet_wrap(~title, scales = &amp;quot;free_y&amp;quot;) + labs(x = NULL) + guides(fill = FALSE) + scale_fill_brewer(palette = &amp;quot;Set1&amp;quot;)  books &amp;lt;- gutenberg_download(c(805,9830,6695,4368,245,86,3176,1837,3186), meta_fields = &amp;quot;title&amp;quot;) tidy_books &amp;lt;- books %&amp;gt;% unnest_tokens(word, text) %&amp;gt;% anti_join(stop_words) tidy_books %&amp;gt;% count(word, sort = TRUE) tidy_books %&amp;gt;% count(word, sort = TRUE) %&amp;gt;% filter(n &amp;gt; 600) %&amp;gt;% mutate(word = reorder(word, n)) %&amp;gt;% ggplot(aes(word, n)) + geom_col() + xlab(NULL) + coord_flip() frequency &amp;lt;- bind_rows(mutate(tidy_fitzgerald, author = &amp;quot;Scott Fitzgerald&amp;quot;), mutate(tidy_twain, author = &amp;quot;Mark Twain&amp;quot;), mutate(tidy_books, author = &amp;quot;Collection&amp;quot;)) %&amp;gt;% mutate(word = str_extract(word, &amp;quot;[a-z&#39;]+&amp;quot;)) %&amp;gt;% count(author, word) %&amp;gt;% group_by(author) %&amp;gt;% mutate(proportion = n / sum(n)) %&amp;gt;% select(-n) %&amp;gt;% spread(author, proportion) %&amp;gt;% gather(author, proportion, `Scott Fitzgerald`:`Mark Twain`) ggplot(frequency, aes(x = proportion, y = `Collection`, color = abs(`Collection` - proportion))) + geom_abline(color = &amp;quot;gray40&amp;quot;, lty = 2) + geom_jitter(alpha = 0.</description>
    </item>
    
    <item>
      <title>Text Mining - Tidy - Simple analysis on Mark Twain and S. Fitzgerald - Part 2</title>
      <link>/2018/03/31/analysis-1/</link>
      <pubDate>Sat, 31 Mar 2018 00:00:00 +0000</pubDate>
      
      <guid>/2018/03/31/analysis-1/</guid>
      <description>Scott Fitzgerald and Mark Twain
#fitzgerald &amp;lt;- gutenberg_download(c(805,9830,6695,4368), meta_fields = &amp;quot;title&amp;quot;) #twain &amp;lt;- gutenberg_download(c(245,86,3176,1837,3186), meta_fields = &amp;quot;title&amp;quot;)  books &amp;lt;- gutenberg_download(c(805,9830,6695,4368,245,86,3176,1837,3186), meta_fields = &amp;quot;title&amp;quot;) by_chapter &amp;lt;- books %&amp;gt;% group_by(title) %&amp;gt;% mutate(chapter = cumsum(str_detect(text, regex(&amp;quot;^chapter &amp;quot;, ignore_case = TRUE)))) %&amp;gt;% ungroup() %&amp;gt;% filter(chapter &amp;gt; 0) by_chapter_word &amp;lt;- by_chapter %&amp;gt;% unite(title_chapter, title, chapter) %&amp;gt;% unnest_tokens(word, text) word_counts &amp;lt;- by_chapter_word %&amp;gt;% anti_join(stop_words) %&amp;gt;% count(title_chapter, word, sort = TRUE) %&amp;gt;% ungroup() chapters_matrix &amp;lt;- word_counts %&amp;gt;% cast_dtm(title_chapter, word, n) chapters_matrix  ## &amp;lt;&amp;lt;DocumentTermMatrix (documents: 291, terms: 29719)&amp;gt;&amp;gt; ## Non-/sparse entries: 184705/8463524 ## Sparsity : 98% ## Maximal term length: 70 ## Weighting : term frequency (tf)  library(topicmodels) chapters_lda &amp;lt;- LDA(chapters_matrix, k = 2, control = list(seed = 123)) chapters_lda  ## A LDA_VEM topic model with 2 topics.</description>
    </item>
    
    <item>
      <title>Text Mining - Tidy - Simple analysis on Mark Twain and S. Fitzgerald - Part 1</title>
      <link>/2018/03/30/data-analysis/</link>
      <pubDate>Fri, 30 Mar 2018 00:00:00 +0000</pubDate>
      
      <guid>/2018/03/30/data-analysis/</guid>
      <description>Downloading data - Tidy
## # A tibble: 32,423 x 2 ## word n ## &amp;lt;chr&amp;gt; &amp;lt;int&amp;gt; ## 1 time 1806 ## 2 day 1234 ## 3 people 1012 ## 4 night 944 ## 5 eyes 890 ## 6 anthony 853 ## 7 amory 838 ## 8 life 819 ## 9 hundred 787 ## 10 half 781 ## # ... with 32,413 more rows  ## ## Pearson&#39;s product-moment correlation ## ## data: proportion and Collection ## t = 247.</description>
    </item>
    
    <item>
      <title>About</title>
      <link>/about/</link>
      <pubDate>Thu, 05 May 2016 21:48:51 -0700</pubDate>
      
      <guid>/about/</guid>
      <description>Blog dedicated to sharing my experience while learning how to perform text mining analysis with R - Tidy approach.
Credits from the base version:
This is a &amp;ldquo;hello world&amp;rdquo; example website for the blogdown package. The theme was forked from @jrutheiser/hugo-lithium-theme and modified by Yihui Xie.</description>
    </item>
    
  </channel>
</rss>